route,gen_success,tasks_total,gen_success_rate,pddl_valid,plan_match_success,check_tasks_with_plan,check_successes,check_success_rate,pr_macro_precision,pr_macro_recall,pr_micro_precision,pr_micro_recall,pr_obj_micro_precision,pr_obj_micro_recall,pr_init_micro_precision,pr_init_micro_recall,pr_goal_micro_precision,pr_goal_micro_recall,planner_backfill_successes,planner_backfill_failures,planner_backfill_success_rate
vila_planning,102,102,1.0,0,18,102,19,0.18627450980392157,0.0,0.0,1.0,1.0,1.0,1.0,1.0,1.0,1.0,1.0,,,
villain_direct_pddl,102,102,1.0,102,0,99,93,0.9117647058823529,0.972578075519252,0.9524200926161711,0.9694978883153449,0.9525126786537574,1.0,0.957983193277311,0.9821958456973294,0.9493307839388145,0.8922018348623854,0.9511002444987775,99,3,0.9705882352941176
villain_pddl,102,102,1.0,102,0,99,93,0.9117647058823529,0.9674534615711087,0.9522385385130483,0.9654205607476636,0.9525126786537574,1.0,0.957983193277311,0.9821782178217822,0.9483747609942639,0.874439461883408,0.9535452322738386,99,3,0.9705882352941176
villain_captioning_pddl,102,102,1.0,102,0,100,89,0.8725490196078431,0.9669568448980214,0.9446334257608768,0.9688090737240076,0.9451360073766712,1.0,0.9607843137254902,0.9771144278606965,0.9388145315487572,0.8988235294117647,0.9339853300733496,100,2,0.9803921568627451
scene_graph_to_pddl,101,102,0.9901960784313726,101,0,99,89,0.8725490196078431,0.9864027856674915,0.9422738118816549,0.9836538461538461,0.9432918395573997,1.0,0.9523809523809523,0.9770687936191426,0.9369024856596558,0.9722921914357683,0.9437652811735942,99,3,0.9705882352941176
multi_step_with_vlm,101,102,0.9901960784313726,101,0,47,42,0.4117647058823529,0.9932571604140232,0.44672377368455796,0.9822309970384995,0.45873674504379897,1.0,0.45098039215686275,0.9744094488188977,0.4732313575525813,0.9726775956284153,0.4352078239608802,47,55,0.46078431372549017
